Data,Curs,Nom,Castells,CCCC,observacions
28/05/2026,2025-2026,Diada primavera Penjats,pd4 3d6 2d6 6ors5 pd4,,
21/05/2026,2025-2026,Diada primavera Llunàtics,4d7 4d6a 2d6 2pd4,,
14/05/2026,2025-2026,Diada primavera Xoriguers,4pd4 5d7 3d8f 3d7a pd6f 4pd4,,COLLA DE VUUUUUIT
07/05/2026,2025-2026,Diada primavera Pataquers,5d7 2d7fc 3d7 3pd4,,
23/04/2026,2025-2026,Can Paco,2p4 3d7,,
16/04/2026,2025-2026,Colles de l'eix,2pd4 3d7 7d6 pd5 4d6 germanor 3d7f,,
12/03/2026,2025-2026,Aniverfest,4pd4 5d7 2d7f 7d7 pd6fc 4pd4,,
08/03/2026,2025-2026,Diada 8M,3d6 fem 2pd4 fem,,
05/03/2026,2025-2026,Macro Passarells,4d7 3d6 fem 7d6 pd5 2pd4,,
16/02/2026,2025-2026,Comercial Girona FC,"3d7, 2p4, 4d6",,
18/12/2025,2025-2026,Diada hivern Arreplegats,5d7 2d7f i3d7a 4d7,,millor diada fora de casa
11/12/2025,2025-2026,Diada hivern Ganàpies,2pd4 3d7 4d7 2d6 2pd4,,
04/12/2025,2025-2026,Diada hivern Xoriguers,4pd4 5d7 2d7f 4d7a pd5c 4pd4,,MILLOR DIADA HISTÒRIA
27/11/2025,2025-2026,Diada hivern Emboirats,2pd4 fem 3d7 id4d7 4d7 7d6 pd5 2pd4 pd4equitat,,
20/11/2025,2025-2026,30 anys Arreplegats,5d7 3d7 4d7,,Primer 5d7 de la historia
30/10/2025,2025-2026,Diada de Barraques,3pd4 2d6 3d7 7d6 3pd4,,
25/09/2025,2025-2026,Actuació RESA,2pd4 5d6 4d6a 4d6 2pd4,,
29/05/2025,2024-2025,Diada primavera Trempats,pd4 3d6 4d6 3d6a pd4,,
22/05/2025,2024-2025,Diada primavera Penjats,pd4 4d6 2d6 3d6 pd4,,Dos amb dues figueretes
15/05/2025,2024-2025,Diada primavera Marracos,2pd4 3d7 4d7 5d6 pd5c 2pd4,,
08/05/2025,2024-2025,Diada primavera Xoriguers,3pd4 3d7 2d7fc 4d7 2pd4,,Primer dos en 8 anys
07/05/2025,2024-2025,Actuació comercial Oficina de Congressos UdG,2pd4 Vanod3,,
10/04/2024,2024-2025,Colles de l'eix Vic,pd4 3d6 4d6 2d6 pd4,,
20/03/2025,2024-2025,Aniverfest,3pd4 4d7 3d7 7d6 3pd4,,
13/03/2025,2024-2025,Aniversari 30 anys Ganàpies,4d7 5d6 2d6 2pd4 fem,,
08/03/2025,2024-2025,Actuació 8M,-,,Cancelat per pluja
01/03/2025,2024-2025,Aniversari Emboirats,pd4 pd4,,
15/02/2024,2024-2025,Actuació viatge Logroño,pd4 3d6aco id5d5 4d5aaco pd4,,
19/12/2024,2024-2025,Diada hivern Arreplegats,4d7 2d6 5d6 2pd4,,4 amb 2 baixes femenines
5/12/2024,2024-2025,Diada hivern Xoriguers,2pd4 4d7 2d6 7d6 3pd4,,
28/11/2024,2024-2025,Diada hivern Bergants,4d7 2d6 5d6 2pd4,,
21/11/2024,2024-2025,Diada hivern Emboirats,2pd4 4d7 5d6 3d6 2pd4,,
31/10/2024,2024-2025,Actuació Barraques,2pd4 4d6a 5d6 4d6 2pd4,,
9/10/2024,2024-2025,Acte inagural curs universitari,3d5aco,,
3/10/2024,2024-2025,Actuació comercial Oktober,pd4,,
26/09/2024,2024-2025,Actuació RESA,2pd4 4d6a 3d6 4d6 2pd4,,
30/05/2024,2023-2024,Diada primavera Xoriguers,2pd4 4d7 3d7 7d6 3pd4,,
23/05/2024,2023-2024,Diada primavera Llunàtics,pd4 3d5a 3d6 4d5 2pd4 pd4 balcó,,
16/05/2024,2023-2024,Diada primavera Ganàpies,2pd4 2d6 4d7 5d6 2pd4,,Un 5 extremadament trambòlic
09/05/2024,2023-2024,Diada primavera Engrescats,pd4 4d6c 3d6 3d6a pd4,,
18/04/2024,2023-2024,Colles de l'eix Vic,pd4 3d5a 3d6 4d5 2pd3 4d6 conjunt,,
21/03/2024,2023-2024,Aniverfest,2pd4 4d7 7d6 2pd4,,
08/03/2024,2023-2024,Actuació 8M,pd4 3d6 femení,,
02/03/2024,2023-2024,Actuació viatge Pamplona,pd4 4d5 3d6aco 3d5a 2pd3,,
22/02/2024,2023-2024,10 anys de trempats,pd4 pd3 pd3 pd4,,
21/12/2023,2023-2024,Diada hivern Arreplegats,2pd4 4d7 id2d6 2d6 id5d6 5d6 ,,
14/12/2023,2023-2024,Diada hivern Xoriguers,pd4 dol 2pd4 2d6 4d7 id7d6 3pd4,,
30/11/2023,2023-2024,Diada hivern Llunàtics,pd4 3d6 3d6a 4d6 2pd4(1c),,
23/11/2023,2023-2024,Diada hivern passarells,4pd3 2d6 5d6 4d6 2pd4,,
02/11/2023,2023-2024,Actuació de barraques,2pd4 3d6 5d6 4d6 2pd4,,
28/09/2023,2023-2024,Actuació RESA,pd4 4d6 3d6a 3d6 2pd4,,
17/06/2023,2022-2023,Actuació sopar de gala,,,
01/06/2023,2022-2023,Diada primavera emboirats,pd4 4d6 3d6 3d6a pd4,,
25/05/2023,2022-2023,Diada primavera llunàtics,pd4 3d6 3d5a 2d5fig 4pd3,,
18/05/2023,2022-2023,Diada primavera marracos,2pd4 3d7 id4d7 4d6 5d6 2pd4,,Primer 3d7 descarregat a Lleida
11/05/2023,2022-2023,Diada primavera Xoriguers,2pd4 3d7 i2d7f 4d6 2pd4,,
04/05/2023,2022-2023,Diada primavera Pataquers,pd4 2d6 5d6 4d6 2pd4,,
23/03/2023,2022-2023,Aniverfest del 25è,3pd4 3d7 4d7 7d6 3pd4,,
,2022-2023,Actuació Saragossa,,,
08/03/2023,2022-2023,Diada 8M,3d6 fem,,
22/12/2022,2022-2023,Diada hivern Penjats,pd4 3d6 2d6 4d6 pd4,,
15/12/2022,2022-2023,Diada hivern Grillats,pd4 3d6 2d6 4d6 pd4,,
01/12/2022,2022-2023,Diada hivern Xoriguers,3pd4 2d6 3d7 4d7c 2pd4,,
24/11/2022,2022-2023,Diada hivern Emboirats,pd4 3d6 2d6 4d6 2pd4,,
03/11/2022,2022-2023,Actuació de barraques,2pd4 5d6 2d6 4d6 3pd4,,
06/10/2022,2022-2023,Actuació RESA,,,
13/09/2022,2022-2023,Pilar oficina internacional,pd4,,
26/05/2022,2021-2022,Diada primavera Grillats,,,
12/5/2022,2021-2022,Diada primavera Marracos,2pd4 4d6 3d6 pd4,,
12/5/2022,2021-2022,Diada primavera Xoriguers,2pd4 3d6a 5d6 3d6 2pd4,,
5/5/2022,2021-2022,Diada primavera Arreplegats,,,
28/04/2022,2021-2022,Diada cultural,pd4 2pd3 2d5 3d5 pd4 3d5conjunt,,
7/4/2022,2021-2022,Colles de l'eix Vic,2pd3 2d5 3d6c 4d5conjunt,,
24/3/3022,2021-2022,Aniverfest,2pd4 3d6 5d6 4d6 2pd4,,
8/3/2022,2021-2022,Diada 8M,pd4,,
23/12/2021,2021-2022,Diada hivern Penjats,,,
16/12/2021,2021-2022,Diada hivern Xoriguers,pd4 3d6 2d6 4d6 2pd4,,
25/11/2021,2021-2022,Diada hivern Bergants,pd4,,
18/11/2021,2021-2022,Diada hivern Emboirats,pd4 3d6 pd4,,
,2021-2022,Actuació RESA,2pd4 2d5 3d6 4d5 pd4,,
,2020-2021,COVID,,,
,2019-2020,COVID,,,
,2019-2020,,,,
30/05/2019,2018-2019,Diada primavera Penjats,,,
23/05/2019,2018-2019,Diada primavera Pataquers,,,
16/05/2019,2018-2019,Diada primavera Marracos,pd4 3d6ps 5d6 4d6a 2pd4,,
09/05/2019,2018-2019,Diada primavera Xoriguers,2pd4 3d6ps id4d7 i4d7 7d6 2pd4,,
04/04/2019,2018-2019,Aniverfest del XXI,pd4 5d6 4d7 7d6 2pd4,,
15/12/2018,2018-2019,Diada hivern Bergants,pd4 3d6 3d6a 4d6 2pd4,,
29/11/2018,2018-2019,Diada hivern Xoriguers,pd4 4d7 5d6 7d6,,
22/11/2018,2018-2019,Diada hivern Pataquers,3d6 id4d6 4d6,,
15/11/2018,2018-2019,Diada hivern Emboirats,pd4 7d6 5d6 4d6 2pd4,,
31/10/2018,2018-2019,Diada Barraques,pd4 4d6 4d6a 5d6 pd4,,
24/05/2018,2017-2018,Diada primavera Trempats,,,
17/05/2018,2017-2018,Diada primavera Xoriguers,5d6 4d7 7d6 pd4s,,
10/05/2018,2017-2018,Diada primavera Arreplegats,5d6 3d6a 4d7 pd4,,
26/04/2018,2017-2018,Diada primavera Pataquers,pd4 3d6 4d6a 4d6 pd4,,
15/03/2018,2017-2018,Aniverfest del XX,7d6 5d6 4d6a 3d6 2pd4,,
18/05/2017,2016-2017,Diada primavera Xoriguers,3d7 2d7f 4d7,,
11/05/2017,2016-2017,Diada primavera Ganàpies,2d7f 4d7 3d7 2pd4,,
06/04/2017,2016-2017,Aniverfest del XIX,3d7 4d7 7d6 3pd4,,
30/03/2017,2016-2017,Festa Major UVic,5d6 4d6a 4d6 2dp4,,
04/03/2017,2016-2017,Diada viatge Madrid,pd4,,
24/11/2016,2016-2017,Diada hivern Xoriguers,4d7,,
17/11/2016,2016-2017,Diada hivern Pataquers,5d6,,
03/11/2016,2016-2017,Actuació Barraques,5d6 7d6 4d6a 3pd4,,
22/09/2016,2016-2017,Actuació RESA,3d6a 3d6,,
19/05/2016,2015-2016,Diada primavera Xoriguers,4d7 5d6 pd6fc 3pd4,,
12/5/2016,2015-2016,Diada primavera Marracos,pd4 5d6 4d6,,
22/04/2016,2015-2016,Festa Major UdG,pd4,,
17/03/2016,2015-2016,Aniverfest del XVIII,2d6 id4d7,,
11/3/2016,2015-2016,Actuació viatge Cadis,3d6,,
,2015-2016,,,,
,2013-2014,,,,
,2013-2014,,,,
,2013-2014,,,,
,2013-2014,,,,
,2013-2014,,,,
12/19/2013,2013-2014,Diada hivern Arreplegats,4d7 3d6ps 3d7 p5,,millor actuacio fora de casa
12/12/2013,2013-2014,Diada hivern Xoriguers,4d7 3d7 7d6 van5,,"primer 7d6, millor actuacio hivern"
12/5/2013,2013-2014,Diada hivern Pataquers,4d6 3d6 3d6a p5,,
11/28/2013,2013-2014,Diada hivern Passarells,p4 4d7 5d6 3d6a p5,,
10/28/2013,2013-2014,Actuació barrakes,icp4cam 4d6 5d6 3d6 p4,,
10/3/2013,2013-2014,Actuació RESA,,,
5/23/2013,2012-2013,Diada primavera Ganàpies,,,
5/16/2013,2012-2013,Diada primavera Xoriguers,"4d7, 2d7f, id4d7a, i4d7a, p5",,
5/3/2013,2012-2013,Diada primavera Arreplegats,,,
4/25/2013,2012-2013,Diada primavera Marracos,,,
3/21/2013,2012-2013,Diada 15è aniversari Xoriguers,,,
3/15/2013,2012-2013,Pilar per l'ANC,p4,,
3/9/2013,2012-2013,Viatge: Actuació Albi,,,
3/8/2013,2012-2013,Viatge: Actuació Toulosse,,,
3/7/2013,2012-2013,Viatge: Actuació Carcassone,,,
12/20/2012,2012-2013,Diada hivern Passarells,,,
12/13/2012,2012-2013,Diada hivern Xoriguers,"4d7, id4d7a, 4d7a(c), 5d6 i 4pd4",,
12/1/2012,2012-2013,Actuació Eix comercial Girona,,,
11/29/2012,2012-2013,Diada hivern Pataquers,"pd4, 3d6, 4d6, 5d5net i pd4",,
11/22/2012,2012-2013,Diada hivern Emboirats,"pd4, id5d6, 5d6, 4d7, 3d6ps i pd5",,
10/31/2012,2012-2013,Actuació fires de Girona,"pd4cam, 5d6, 3d6ps, 4d6a i pd5(c)",,
10/5/2012,2012-2013,"Inauguració ""llagurt""",p4,,
10/4/2012,2012-2013,Actuació RESA,"pd4, 4d5n, 3d6, 5d5n i pd4",,
5/17/2012,2011-2012,Diada primavera Xoriguers,"4d7, 4d7a(c), 3d7 i 5·p4",,
5/10/2012,2011-2012,Diada primavera Ganàpies,"5d6, 2d6, 4d6a i pd4",,
5/3/2012,2011-2012,Diada primavera Arreplegats,"pd4, id4d7, 4d7, 3d7c, 5d6 i pd4",,
4/27/2012,2011-2012,Actuació festa major UdG,"p4, 4d5n, 2d5, 3d5n i pd4",,
4/26/2012,2011-2012,Diada primavera Marracos,"5d6, 4d6a, 4d6 i pd4",,
4/19/2012,2011-2012,Diada primavera Pataquers,"3d6a, 4d6, 3d6 i pd4",,
3/10/2012,2011-2012,Viatge: actuació Hondarribia,"4d5n, 4d5na, 3d6, 5d5n, 2d5, pd4ps i 2pd4",,
3/8/2012,2011-2012,Viatge: actuació UPV-EHU,"4d5n, 3d6, 4d5na, 2d5 i pd4",,
2/12/2012,2011-2012,Actuació ANC,"p4, 2d5 i p4",,
12/22/2011,2011-2012,Diada hivern Passarells,"2pd4, 3d6, 3d6a, 4d6 i p4",,
12/15/2011,2011-2012,Diada hivern Emboirats,"pd4 id3d7, id3d7, id4d7, 5d6, 4d7c i pd4",,
12/12/2011,2011-2012,Celebració 20è aniversari UdG,"p4, 3d5n, 2d5, 4d5a net i p4",,
12/1/2011,2011-2012,Diada hivern Xoriguers,"4d7, 3d7c, 5d6 i 4·p4",yes,
11/24/2011,2011-2012,Diada hivern Ganàpies,"p4, 5d6, 4d7, 2d6 i p5",yes,
10/31/2011,2011-2012,Actuació fires de Girona,"p4cam, 5d6, 2d6c i 4d6a",,
10/20/2011,2011-2012,Actuació rectorat,"pd4, 2d5, 4d5net i p4",,
10/13/2011,2011-2012,Actuació RESA,"p4, 4d5a net, 3d6, 2d5 i p4",,
5/12/2011,2010-2011,Diada primavera Xoriguers,"4d7, i3d7, 5d6, 4d6a i pd5(c)",,
,2010-2011,,,,
,2010-2011,,,,
,2010-2011,,,,
5/20/2010,2009-2010,Sopar final de temporada,,,
5/20/2010,2009-2010,Diada Ganàpies,,,
5/13/2010,2009-2010,Diada Xoriguers,3/6 5/6 4/6a 2·p4,,
5/10/2010,2009-2010,Actuació a les Àligues,4/5 net 3/5 net 4/5a net 2·p3,,
5/7/2010,2009-2010,Diada Arreplegats,3/5 net 2/5 4/5 net p4,,
4/29/2010,2009-2010,Diada Pataquers,4/5 net aco 3/5 net aco 7/4 net 2·p4,,
4/23/2010,2009-2010,Actuació festa major UdG,3/5 4/5 4/5ac p4,,
4/22/2010,2009-2010,Diada Marracos,3/5 4/5 4/5a aco,,
4/20/2010,2009-2010,Actuació a Mas Marroch,p3 cam 4/5 net aco 3/5 net aco 2·p3,,
3/18/2010,2009-2010,Aniversari 15 anys Ganàpies,3/5 net aco 4/5 net aco p4 4d6a germanor,,
2/5/2010,2009-2010,Actuació inauguració FEP al barri vell,,,
12/17/2009,2009-2010,Diada hivern Arreplegats,3/5net aco 4/5net 2/5 p4,,
12/10/2009,2009-2010,Diada hivern Ganàpies,p4 3/5net 2/5 4/5net p4,,
12/3/2009,2009-2010,Diada hivern Xoriguers,p4 3/6 4/6a 5/6 2·p4,,
11/26/2009,2009-2010,Diada hivern Marracos,3/6 4/5net 2/5 p4,,
11/19/2009,2009-2010,Diada hivern Pataquers,3/5net 2/5 4/5net p4,,
10/30/2009,2009-2010,Actuació al punt de trobada,"4/5a net, i3/6, 2/5, p4c",,
10/22/2009,2009-2010,Actuació Facultat Magisteri,3/5 net 2/5 4/5a net p4,,
10/19/2009,2009-2010,Inauguració exposició de fotos,p3,,
10/15/2009,2009-2010,Actuació a la RESA,3/5 net 2/5 4/5a net p4,,
5/21/2009,2008-2009,Diada de primavera Ganapies,"2/5, 3/5 net, 4/5 net, 2·p3",,
5/14/2009,2008-2009,Diada de primavera Xoriguers,"4/6, 3/6, 4/6a, 2·p4",,
5/8/2009,2008-2009,Diada de primavera Arreplegats,"4/5 net, 3/6c, 2/5, p4",,
12/18/2008,2008-2009,Diada hivern Arreplegats,,,
12/11/2008,2008-2009,Diada hivern Ganàpies,,,
12/4/2008,2008-2009,Diada hivern Xoriguers,,,
12/20/2007,2007-2008,Diada hivern Arreplegats,,,
12/13/2007,2007-2008,Diada hivern Xoriguers,,,
11/29/2007,2007-2008,Diada hivern Ganàpies,,,
11/22/2007,2007-2008,Diada hivern Marracos,,,
11/15/2007,2007-2008,Actuació a la RESA,,,
11/2/2007,2007-2008,Actuació de Fires a la Rambla de Girona,"p/4, t/5, 3/6, 4/5 net, p/4ps",,
10/31/2007,2007-2008,Actuació al Certàmen de Fires de Girona,,,
10/22/2007,2007-2008,"Inauguració exposició: “10 anys fent castells, 10 anys fent blau”",p4,,
5/13/2007,2006-2007,Diada de primavera. Pl. Apòstols (Girona),"2 p/4ps, 3/7, 4/6ag, 2/6, p/5",,primer 3d7
5/10/2007,2006-2007,Diada de primavera Ganàpies,"3/6, 2/5, 4/5ag net, p/4",,
5/5/2007,2006-2007,París (final rugbi),"3/6 aco, 2/5, vano de 4",,
5/4/2007,2006-2007,París,"4/5 net, 2/5, 3/5n, p/4",,
4/20/2007,2006-2007,Portes obertes a la UdG,"3/5net, 4/5aco, p/4",,
4/19/2007,2006-2007,Diada de Los Marracos de la UdL (Lleida),"3/5net, 2/5, 4/5net, p/4ps",,
12/21/2006,2006-2007,Diada d'Hivern dels Arreplegats (Barcelona),"3/6, 2/6, 4/5net, p/4",,
12/14/2006,2006-2007,Diada d'Hivern dels Ganàpies (Bellaterra),"3/5aco net, 2/5aco, 4/5aco net",,
11/30/2006,2006-2007,Diada d'Hivern dels Xoriguers,"5/6 c, 4/6, 3/6 aco, p/4",,
11/23/2006,2006-2007,Diada d'Hivern dels Marracos (Lleida),"3/5n, 2/5, 4/5 net, p/4",,
11/3/2006,2006-2007,"Actuació de Fires, Rambla de Girona","3/6, 2/6 aco, 4/5ag net",,
10/25/2006,2006-2007,Certàmen de Fires (Girona),"2/5, p/4",,
5/27/2006,2005-2006,Sta. Coloma de Farners,"4/5 net, 2/5, p/4",,
5/18/2006,2005-2006,Diada de primavera Ganàpies,"p/4, 4/5 net, 2/5, 3/5 net, p/4",,
5/13/2006,2005-2006,Vitòria - Gasteiz,"3/5 net, 2/5, 4/5 net, 2 p/3",,
5/12/2006,2005-2006,Universitat de Vitòria,"p/4, 3/5net, 2/5, 4/5, 2 p/3",,
5/5/2006,2005-2006,Diada primavera dels Arreplegats,"3/5aco net, 2/5, 4/5net, p/5",,
4/27/2006,2005-2006,Diada Xoriguera de primavera,"p/4 cam, 2/6, 3/6ps, 4/6a, p/5c",,
4/20/2006,2005-2006,Diada dels Marracos (Lleida),"p/3, 2/5, 3/5net, p/3",,
3/31/2006,2005-2006,Portes Obertes a la UdG,"p/4, 2/5, 4/5 net, 3/5 n, p/4",,
3/10/2006,2005-2006,Universitat de Perpinyà,"3/5 net, 4/5 net, 2/5, p/4",,
12/1/2005,2005-2006,Diada d'Hivern dels Xoriguers,"5/6, 2/6, 4/6ag, p/5",,
11/4/2005,2005-2006,Actuació de Fires. Pl. del Vi (Girona),"4d6ag c, 4/5net, 3/6, p/4ps",,
10/28/2005,2005-2006,Certàmen de Fires (Girona),"p/4ps, 3/5 net, p/4",,
5/19/2005,2004-2005,Diada Xoriguera de primavera,"5/6, 2/6, 4/6ag, p/5",,
5/12/2005,2004-2005,Diada de primavera Ganàpies,"5/5net, 2/5net, 4/5ag net, p/4",,
5/12/2005,2004-2005,Diada primavera Xoriguers,"2 p/4ps, 4/6ag, 5d6, 2/6, p/5",,
4/21/2005,2004-2005,Varsòvia (Polònia),"3/6, 2/5 net, 4/5ag net, p/4ps",,
4/20/2005,2004-2005,Varsòvia (Polònia),"3/6, 4/5ag net, p/4ps",,
12/2/2004,2004-2005,Diada hivern Xoriguers,"3/6, 2/6, 4/5ag net, 2 p/4",,
11/5/2004,2004-2005,Actuació de Fires a Plaça del Vi,"p/4, 3/6, 5/5 net, 4/5ag net, p/4ps",,
10/28/2004,2004-2005,Actuació al Certamen de Fires,"p/4, p/4ps, 4/5 net, 2/5 net, 3/5 net",,
5/13/2004,2003-2004,Diada Xoriguera de primavera,"5/6 i, 5/6, 2/6, 4/6ag, 2 p/4ps sim",,
5/7/2004,2003-2004,Diada dels Arreplegats de la Zona Universitària (Barcelona),"3/5aco net, 4/5aco net, 3/5ag aco net, p/4",,
4/28/2004,2003-2004,Fins el 2 de Maig. Universitat de Santiago de Compostel.la,"p/4, 3/6, 2/5 seminet, 5/5net, p/4 per sota. Davant l'Obradoiro, 2 p/4 sim.",,
4/22/2004,2003-2004,Diada de Los Marracos de la UdL (Lleida),"3/5aco, 2/5aco, 4/5aco, 2p/3sim",,
4/21/2004,2003-2004,Girona. Jornada de portes obertes a la UdG,"4/5net, 3/5net c, 2p/3sim",,
3/5/2004,2003-2004,"Fins el 7 de març. Perpinyà, amb Arreplegats","2/5net, 3/5net, 4/5net, p/4",,
12/18/2003,2003-2004,Diada dels Arreplegats de la Zona Universitària (Barcelona).,"4/5 ag, 3/6i, 3/6i, 4/5 aco, p/4, 3/6 germanor",,
12/11/2003,2003-2004,Diada dels Ganàpies de la UAB (Bellaterra).,"3/5, 4/5, 2/5, 4/5 de germanor, p/4",,
12/4/2003,2003-2004,Actuació 5è aniversari,"4/6ag i, 4/6ag, 2/6i, 3/6, 3p/4",,
11/27/2003,2003-2004,Diada de Los Marracos de la UdL (Lleida).,"p/4, 2/5, 3/6, 4/5net, p/4",,
10/31/2003,2003-2004,Actuació per primer cop a la Plaça del Vi i sopar del 5è aniversari.,"3/6, 4/6, 2/6aco, 2p/4, 5p/3",,
10/23/2003,2003-2004,Correllengua universitari.,"2/5, 4/5net, 3/5net, 2 p/4sim.",,
10/22/2003,2003-2004,Inauguració exposició Fotos Xorigueres a la Fac. de Ciències.,p4,,
10/2/2003,2003-2004,Actuació a la RESA.,,,
9/25/2003,2003-2004,Assaig amb camisa. Visita dels estudiants d'Erasmus.,"4/5, 4/5ag aco, p/3",,
9/15/2003,2003-2004,"Presentació curs 2003-2004, Pl. de Sant Domènec (Girona)","p/3cam, 4/5 aco net, 4/5ag aco net, p/4",,
12/19/2002,2002-2003,Diada dels Arreplegats de la Zona Universitària (Barcelona).,"3/5aco, 2/5id, 2/5, 4/5aco ag, p/4 i 3/5 de germanor amb els Ganàpies",,
12/12/2002,2002-2003,Diada dels Ganàpies de la UAB (Bellaterra).,"p/4, 4/5 aco, 2/5, 3/5aco id, 3/5aco, 2p/3 sim.",,
12/5/2002,2002-2003,"Diada d'hivern dels Xoriguers, al campus del Barri Vell (Sant Domènec).","p/4ps, 4/6id, 4/6id, 4/6, 3/6id, 3/6 (el primer!), 2/6aco, p/4",,
11/28/2002,2002-2003,Diada de los Marracos de la UdL (Lleida).,"p/4 ps, 4/5 net, 3/6 aco, 5/5, vano de 4",,
10/28/2002,2002-2003,Actuació davant l'estand de la UdG a les Fires de Girona.,"p/3cam, 4/5ag aco, 3/5aco, p/4",,
10/24/2002,2002-2003,Actuació a la gespa de la Politècnica (setmana Xoriguera).,,,
10/23/2002,2002-2003,Actuació castellera a la Fac. de Ciències i inauguració de l'exposició fotogràfica.,"4/5 aco, 3/5 aco, p/4",,
10/3/2002,2002-2003,Actuació RESA,"4/5 aco, 3/5 aco, p/4",,
5/23/2002,2001-2002,Actuació a la residència d'estudiants Bisbe Cartanyà.,"4/5ag net, 4/5aco net, vano de 4",,
5/16/2002,2001-2002,Diada primavera Xoriguers,"p/4, 4/6 id, 4/6, 2/6 aco carr., 3/6 aco, vano de 4, amb un pilar de 3 dels Emboirats de la UV",,
5/15/2002,2001-2002,Vigilia Diada dels Xoriguers (dins la Festa Major de la UdG),"4/5 net, 2/5 aco net, 3/5 net id, 3/5aco net, p/4",,
5/10/2002,2001-2002,Diada primavera Arreplegats,"3/5net, 4/5net, 4/5ag net intent, 4/5ag net, p/4",,
4/27/2002,2001-2002,Fins l'1 de maig. Còrdova. Conmemoració del 50è aniversari de la carrera de Biologia.,"3/6 aco, 2/6 aco (el primer!!!), 4/5 net, p/4",,
4/11/2002,2001-2002,Actuació a la Sala Platea (Girona).,"p/4 ps carr, 4/5 aco net femení, 4/5 ag aco net, p/4",,
3/14/2002,2001-2002,i 15/03/2002. Diada hivern Marracos,"p/4ps, 4/5net, 2/5, 4/5a net, 3 p/3 sim. Tots els castells amb aixecador i anxaneta!",,
2/20/2002,2001-2002,"Exposició ""El Fet Casteller"" a Facultat d'Educació","4/5 ag aco net, p/4 ps",,
12/20/2001,2001-2002,Diada hivern Arreplegats,,,
12/14/2001,2001-2002,Diada hivern Ganàpies,"3/5 aco net, 2/5, 4/5ag aco net, p/4.",,
12/12/2001,2001-2002,Portes Obertes a la UdG,"4/5a net aco, 3/5 net aco, 3*p/4",,
11/29/2001,2001-2002,Diada hivern Xoriguers,"p/4ps, 4/6aco, 4/5ag net c, 3/6aco, vano de 4",,
10/25/2001,2001-2002,Cercavila i actuació a la Facultat de Dret de la UdG,"p/4ps, 4/5a aco, 3/5aco, 3p/3",,
10/22/2001,2001-2002,Inauguració exposició fotogràfica Facultat de Ciències,"p/4ps, 4/5aco, p/4",,
10/18/2001,2001-2002,Actuació RESA,"p/4ps, 4/5aco, 3/5aco, p/4c",,
5/17/2001,2000-2001,Diada primavera Ganàpies,"p/4, 4/5a aco, 2/5, 3/5, p/4",,
5/10/2001,2000-2001,Diada primavera Arreplegats,"xoriguers: p/4 xorinàpies: 4/5a, 2/5",,
5/9/2001,2000-2001,Festa Major UdG,"4/5a aco, 3/5aco, p/4ps",,
5/3/2001,2000-2001,Diada primavera Xoriguers,"p/4ps, 4/6aco, 3/6id, 3/6i, 3/5 2p/4",,
4/5/2001,2000-2001,i 6-Apr-2001. Estada a la Universitat de Lleida: bateig Marracos,"p/4, 3/5aco net, 2/5, p/4ps i 2p/3",,
3/29/2001,2000-2001,"Girona, sala de Festes Platea.","p/4ps, 3/5net id, p/4",,
3/28/2001,2000-2001,"Casa de Cultura Girona: exposició ""El Fet Casteller""",p4,,
3/22/2001,2000-2001,"Saló de l'Ensenyament (Bcn), amb Arreplegats i Ganàpies.","3/5net c, 3/6 de germanor i 2 p/3",,
12/21/2000,2000-2001,Diada hivern Arreplegats,"xorinàpies: 4/6aco, 3/5net, 4/5a. xoriguers: p/4",,
12/14/2000,2000-2001,Diada hivern Ganàpies,"4/5a, 4/5c, 2/5net id, p/4ps",,
12/13/2000,2000-2001,Portes obertes UdG,"Pilar de 4 a cada facultat, 4/5 net",,
11/30/2000,2000-2001,Diada hivern Xoriguers,"p/4, 3/6id, 3/6i, 4/5a net, 2/5, 3/5net i, p/4",,
11/16/2000,2000-2001,Correllengua universitari,"3/5net, 4/5net",,
11/5/2000,2000-2001,Actuació RESA,"p/4ps, 2/5id, 2/4, p/4",,
5/19/2000,1999-2000,Pl. Miquel Santaló (Girona),"p/4ps, 4/5net, 3/5net, p/4",,
5/17/2000,1999-2000,Diada primavera Ganàpies,"3/5aco, 4/5i, 4/5c, p/4",,
5/11/2000,1999-2000,Diada primavera Arreplegats,"4/5aco, 3/5aco, 2/5aco id",,
5/4/2000,1999-2000,Diada primavera Xoriguers,"p/4cam c, 4/6 i,  2/5id, 2/5, 4/6c, 3/5c, p/4ps",,
4/6/2000,1999-2000,"Santuari del Collell (Banyoles), trobada Interiuta","p/4, 2/4net, 3/5aco net, 4/5aco net",,
3/30/2000,1999-2000,Sala Platea (Girona),"p/4ps, 4/5net, p/4",,
2/25/2000,1999-2000,Universitat de Perpinyà,"p/4cam i, 2/5, 3/5aco, p/4",,
2/23/2000,1999-2000,"Programa SETI, Fac. empresarials UdG","p/4ps, 3/5aco, p/4",,
12/22/1999,1999-2000,Presentació del primer número de l'anxoveta,,,
12/22/1999,1999-2000,Actuació Facultat Empresarials UdG,"3/5 aco net, 4/5 net id, p/4",,
12/16/1999,1999-2000,Diada hivern Arreplegats,"p/4cam c, 4/5net c, 4/5a aco, 3/5aco i, p/4",,
12/16/1999,1999-2000,Portes obertes a la UdG.,"p/4, 4/5aco net, 3/5aco net, p/3 cam.",,
12/9/1999,1999-2000,Diada hivern Ganàpies,"4/5aco, 4/5a aco, 3/5aco i, p/4",,
12/2/1999,1999-2000,Diada hivern Xoriguers,"4/6i, 4/6id, 2/5id, 2/5id, 3/6aco id, p/4",,